representation,metric,shot,known_f1_mean,known_f1_std,unknown_f1_mean,unknown_f1_std,auroc_mean,auroc_std
image_only,cosine,1,0.15946155028068604,0.019955087957448863,0.0,0.0,0.4871481265773636,0.04021476698705042
image_only,cosine,3,0.14751313667099214,0.018189461346031586,0.0,0.0,0.4440302853814793,0.05501759186634831
image_only,cosine,5,0.15055994138283138,0.015204919360874381,0.0,0.0,0.5024655406717142,0.016531685525544
image_only,euclidean,1,0.15797951832108384,0.021535252970002163,0.0,0.0,0.48336245389244803,0.040664045325003534
image_only,euclidean,3,0.14809214643167576,0.015629938428061766,0.0,0.0,0.4417782954766064,0.05482517901986628
image_only,euclidean,5,0.148812843637778,0.013297343098988787,0.0,0.0,0.5007571345369831,0.016310170716506044
image_only,mahalanobis,1,0.1615141223845654,0.033763636276417375,0.0,0.0,0.5303436225975539,0.058167526145017696
image_only,mahalanobis,3,0.1846956314800282,0.026966644968857242,0.0,0.0,0.5198990487284022,0.02377366649558013
image_only,mahalanobis,5,0.19183219857972783,0.02376599095465564,0.0,0.0,0.5527470394098233,0.028511193733701447
image_plus_metadata,cosine,1,0.19925630955602397,0.05909395622702687,0.0,0.0,0.4571151232770336,0.061862681424913114
image_plus_metadata,cosine,3,0.22055258321086102,0.042040109761696406,0.0,0.0,0.5420306736556009,0.07885287248948278
image_plus_metadata,cosine,5,0.2193979096997015,0.04047103883279557,0.0,0.0,0.5879246748204232,0.03665660386311072
image_plus_metadata,euclidean,1,0.1953501160514844,0.048897854755799185,0.0,0.0,0.5576392933410987,0.04636861180952182
image_plus_metadata,euclidean,3,0.21753701971062162,0.03887462700010067,0.04444444444444444,0.09938079899999064,0.6332362648029509,0.030177355637497454
image_plus_metadata,euclidean,5,0.21755156212712037,0.03863219417089281,0.014285714285714285,0.031943828249996996,0.6436808386721025,0.01303222293320048
image_plus_metadata,mahalanobis,1,0.16704312483838116,0.028039506446321007,0.0,0.0,0.44026402640264023,0.04186848269133792
image_plus_metadata,mahalanobis,3,0.17479064399421845,0.02461726094174363,0.0,0.0,0.4655018443020773,0.029404363500560613
image_plus_metadata,mahalanobis,5,0.21216546510911397,0.041361191446703825,0.0,0.0,0.47936323044069107,0.030090430284388053
