config,shot,accuracy_mean,accuracy_std,macro_f1_mean,macro_f1_std
normalized + cosine,1,0.138125,0.02824626634619167,0.11350201065687779,0.018115705287142597
normalized + cosine,3,0.14375,0.028038060070197435,0.11946625959825286,0.016793628411141782
normalized + cosine,5,0.13187500000000002,0.01674136904497359,0.10773704215354327,0.019413282583604613
raw + cosine,1,0.154375,0.011180339887498949,0.12726055883901344,0.014994712982769068
raw + cosine,3,0.13937499999999997,0.039503757732651204,0.10906861308228848,0.03648340677043911
raw + cosine,5,0.133125,0.029030560406233977,0.09782296785136868,0.021909703580759315
raw + euclidean,1,0.15125,0.011396614080506543,0.12471165065828727,0.014413862995373604
raw + euclidean,3,0.136875,0.03810706545379741,0.10691903249708531,0.03509611330261068
raw + euclidean,5,0.13374999999999998,0.030168795965367926,0.10054646526504521,0.0252383882529772
Phase 1 baseline,"linear, full train set",0.3063,0.0,0.2469,0.0
